,range,$C_o$,drift equations
values,2165.6407827707717,111666.66666666669,[3 3 3]
