,X,Y,Z,X_r,Y_r,Z_r,G_x,G_y,G_z,dip,azimuth,polarity,surface,series,id,order_series,smooth
0,500,250,864.602,0.4584333333333333,0.3959333333333333,0.4853508333333333,-0.9486830155918029,9.998257297572324e-13,0.31622861338970926,71.565,270.0,1.0,Main_Fault,Fault_series,1,1,0.01
1,500,750,864.602,0.4584333333333333,0.6042666666666666,0.4853508333333333,-0.9486830155918029,9.998257297572324e-13,0.31622861338970926,71.565,270.0,1.0,Main_Fault,Fault_series,1,1,0.01
2,300,250,400.0,0.3751,0.3959333333333333,0.2917666666666666,1e-12,1e-12,1.000000000001,0.0,270.0,1.0,Sandstone,Sediment_series,3,2,0.01
3,300,750,400.0,0.3751,0.6042666666666666,0.2917666666666666,1e-12,1e-12,1.000000000001,0.0,270.0,1.0,Sandstone,Sediment_series,3,2,0.01
